abbey, abort, aback, abash, abate, abhor, abide, abler, abode, azure, badge, bagel, baker, balky, banjo, barge, baron, batch, bathe, baton, beach, beard, beast, began, beget, being, belly, below, bench, berry, birth, bison, black, blade, blame, blank, blast, blaze, bleak, blend, bless, blind, blink, bliss, block, blood, bloom, blown, blues, bluff, blunt, blurb, blurt, blush, board, boast, bobby, bogey, booby, booth, booty, booze, borax, bound, bowel, boxer, brace, braid, brain, brake, brand, brash, brass, brave, bravo, bread, break, breed, bribe, brick, bride, brief, brine, brink, brisk, broad, broil, broke, brood, brook, broom, brown, brush, brute, buddy, budge, buggy, build, built, bulge, bulky, bumpy, bunch, bunny, burst, bushy, buyer, buzzer, bylaw, cabal, cabin, cable, cache, cadet, caddy, cairn, camel, cameo, canal, candy, canon, canoe, caper, cargo, carry, carve, catch, cater, cause, cease, cedar, chain, chair, chalk, champ, chant, chaos, charm, chart, chase, cheap, cheat, check, cheek, chess, chest, chick, chief, child, chill, chimp, china, chirp, chive, chock, choir, choke, chord, chore, chose, chunk, churn, chute, cider, cigar, cinch, circa, civic, civil, claim, clamp, clang, clank, clash, clasp, class, clean, clear, cleat, cleft, clerk, click, cliff, climb, cling, cloak, clock, clone, close, cloth, cloud, clout, clown, clubs, cluck, clued, clump, clung, coach, coast, cobra, cocoa, coded, coder, colon, color, comet, comic, comma, coral, count, court, cover, crack, craft, cramp, crane, crank, crash, crass, crate, crave, crawl, craze, crazy, creak, cream, creek, creep, crest, crime, crimp, crisp, croak, crock, crook, cross, crowd, crown, crude, cruel, crumb, crush, crust, crypt, cubic, cumin, curly, curry, curse, curve, cycle, cynic, daddy, daily, dairy, daisy, dance, dandy, dated, datum, dealt, death, debut, decor, decoy, decry, defer, deity, delay, delta, delve, denim, dense, depot, depth, derby, deter, deuce, diary, dicey, digit, dingy, diode, dirge, dirty, disco, ditch, ditto, ditty, diver, dizzy, dodge, doing, dolly, donor, donut, dopey, doubt, dough, dowdy, dowel, downy, dozen, draft, drain, drake, drama, drank, drape, drawl, drawn, dread, dream, dregs, dress, dried, drift, drill, drink, drive, droit, drone, drool, droop, drove, drown, drugs, drunk, dryly, duchy, ducky, dummy, dumpy, dunce, dusky, dusty, dutch, duvet, dwarf, dwell, dying, eager, eagle, early, earth, easel, eaten, eater, eaves, ebony, ebook, eerie, eject, elbow, elder, elect, elite, elope, elude, email, ember, emcee, empty, enact, endow, enemy, enjoy, ennui, ensue, enter, entry, envoy, epoch, equal, equip, erase, erect, erode, error, erupt, essay, ether, ethic, ethos, etude, evade, event, every, evict, exact, exalt, excel, exert, exile, exist, expel, extra, exult, fable, faced, facet, facto, faint, fairy, faith, false, fancy, farce, fatal, fatty, fault, favor, feast, fecal, feign, fence, feral, ferry, fetch, fever, fewer, fiber, ficus, field, fiend, fiery, fifth, fifty, fight, filch, filly, filmy, filth, final, finch, finer, first, fishy, fixer, fizzy, fjord, flack, flail, flair, flame, flank, flare, flash, flask, flats, fleck, fleet, flesh, flick, flier, fling, flint, flirt, float, flock, flood, floor, floss, flour, flout, flown, fluff, fluid, fluke, flume, flung, flunk, flush, flute, foamy, focal, focus, foggy, foist, folio, folly, foray, force, forge, forgo, forte, forth, forty, forum, found, foyer, frail, frame, frank, fraud, freak, freed, freer, fresh, friar, fried, frill, frisk, fritz, frock, frond, front, frost, frown, froze, fruit, fudge, fugue, fully, fungi, funky, funny, furry, fused, fusty, fuzzy, gaffe, gaily, gamma, gamut, gassy, gaudy, gauge, gaunt, gauze, gavel, gawky, genie, genre, ghost, ghoul, giant, giddy, gigue, gimpy, girly, girth, given, giver, glade, gland, glare, glass, glaze, gleam, glean, glide, globe, gloom, glory, gloss, glove, glyph, gnash, gnome, godly, going, golem, golly, gonad, goner, goody, gooey, goofy, goose, gorge, gotta, gouge, gourd, grace, grade, graft, grail, grain, grand, grant, grape, graph, grasp, grass, grate, grave, gravy, graze, great, greed, green, greet, grief, grill, grime, grimy, grind, gripe, groan, groat, groin, groom, grope, gross, group, grout, grove, growl, grown, gruel, gruff, grunt, guard, guava, guess, guest, guide, guild, guilt, guise, gulch, gully, gumbo, gummy, guppy, gusto, gusty, gypsy, habit, haiku, haint, hairy, halal, haler, halve, handy, hanky, happy, hardy, harem, harpy, harry, harsh, haste, hasty, hatch, hater, haunt, haute, haven, havoc, hawse, heady, heard, heart, heath, heave, heavy, hedge, hefty, heist, helix, hello, hence, henna, henry, herbs, heron, hilly, hinge, hippo, hippy, hitch, hoard, hoary, hobby, hoist, holly, homer, honey, honor, hooey, hooky, horde, horny, horse, hotel, hotly, hound, house, hovel, hover, howdy, human, humid, humor, humph, humus, hunch, hunky, hurry, husky, hussy, hutch, hyena, hymen, hyper, ichor, icing, ideal, idiom, idler, igloo, ileum, image, imbue, impel, inane, inbox, incur, index, inept, inert, infer, infix, ingot, inlay, inlet, inner, input, inset, inter, intro, ionic, irade, irony, islet, issue, itchy, ivory, jabot, jacal, jaded, jazzy, jeans, jelly, jerky, jetty, jewel, jiffy, jimmy, jingo, jinks, joint, joist, joker, jolly, jones, joule, joust, jowly, judge, juice, juicy, julep, jumbo, jumpy, junco, junky, jurat, juror, kabob, kajal, kappa, karma, kayak, kebab, ketch, khaki, kiddo, kinda, kiosk, kitty, klutz, knack, knead, kneel, knelt, knife, knock, knoll, known, koala, kooky, kraut, krill, labia, labor, laced, lacey, lacks, lager, lance, lanky, lapel, lapse, large, larva, laser, lasso, latch, later, lathe, latte, laugh, laura, lawny, layer, leach, leafy, leaky, leant, learn, lease, leash, least, leave, ledge, leech, leery, lefty, legal, leggy, lemon, lemur, leper, level, lever, lewis, libel, liege, light, liken, lilac, limbo, limit, linen, liner, lingo, links, lions, lipid, lithe, liver, livid, lives, llama, loamy, loath, lobby, local, locus, lodge, lofty, logic, login, loins, lolly, loner, looey, loose, loper, lordy, loser, lotte, lotus, louse, lousy, lover, lower, lowly, loyal, lucky, lucid, lumen, lumpy, lunar, lunch, lunge, lupus, lurch, lurid, lusty, lying, lymph, lynch, lyric, macaw, macho, macro, madam, madly, mafia, magic, magma, maize, major, maker, mambo, mamma, mammy, manga, mango, mangy, mania, manic, manly, manor, maple, march, maria, marry, marsh, mason, match, mater, maths, matte, mauve, maxim, maybe, mayor, mealy, meaty, meant, mecca, medal, media, medic, melee, melon, mercy, merge, merit, merry, meshy, metal, metro, midge, midst, might, milky, mimic, mince, mincy, miner, minor, minty, minus, mired, mirth, missy, mixed, mixer, mocha, modal, model, modem, mogul, moist, molar, moldy, money, mongo, monty, mooch, moody, moony, moose, moped, moral, morel, morph, mossy, motel, motif, motor, motto, mould, mound, mount, mourn, mouse, mousy, mouth, moved, mover, movie, mowed, mower, mucus, muddy, muggy, mulch, mummy, munch, mural, murky, mushy, music, musky, musty, myrrh, nadir, naive, nanny, nasal, nasty, natal, neath, needy, neigh, nerdy, nerve, nervy, netty, never, newly, newsy, niche, niece, night, ninja, ninth, nippy, nitro, noble, nobly, nodal, noise, noisy, nomad, nonny, noose, north, notch, noted, novel, nudge, nurse, nutty, nylon, nymph, oaken, oakum, oasis, oater, obeah, obese, obeys, occur, ocean, ocher, octad, octal, octet, oddly, offal, offer, often, ogler, olden, older, olive, ombre, omega, onion, onset, oomph, oopsy, opera, opine, opium, optic, orbit, order, organ, other, otter, ought, ounce, outdo, outer, outgo, ovary, ovine, owing, owned, owner, oxide, ozone, paddy, pagan, pager, paint, pairs, palsy, panda, pandy, panel, panic, pansy, panty, papal, papaw, paper, parch, parry, parse, party, pasta, paste, pasty, patch, patio, patsy, patty, pause, payee, payer, peace, peach, peaky, pearl, pecan, pedal, peeks, peeps, peers, peeve, peggy, penny, perch, perky, perms, perps, perry, pesto, petal, petty, phase, phone, photo, piano, picks, picky, piece, piety, piggy, pilot, pinch, pinky, pinto, piper, pique, pitch, pithy, pivot, pixel, pixie, pizza, place, plaid, plain, plait, plane, plank, plant, plate, plaza, plead, pleat, plied, plier, plies, plink, plots, plows, ploys, pluck, plugs, plumb, plume, plump, plums, plunk, plush, poems, poet, point, poise, poker, polar, polka, polls, polyp, ponys, pooch, pools, poops, poppy, porch, pored, ports, posed, poser, posit, posse, posts, potty, pouch, pound, pours, pouts, power, prawn, press, price, prick, pride, pried, prima, prime, primo, print, prior, prism, privy, prize, probe, prods, prone, proof, props, prose, proud, prove, prowl, proxy, prude, prune, psalm, pubic, pudgy, puffy, pulls, pulps, pulse, pumps, punch, punks, punny, pupil, puppy, purge, purls, purrs, purse, pushy, putty, pygmy, pyres, quack, quads, quail, quake, qualm, quart, quasi, queen, queer, quell, query, quest, queue, quick, quiet, quiff, quill, quilt, quips, quirk, quite, quits, quota, quote, rabid, racks, radar, radii, radio, radon, rafts, raids, rails, rains, rainy, raise, raked, rally, ramps, ranch, randy, range, ranks, rapid, rared, rarer, rares, rashy, rasps, rates, ratio, ratty, raved, raven, raves, rawer, rayon, razed, reach, reads, ready, realm, reams, reaps, rears, rebel, rebid, rebus, rebut, recap, recur, redid, reeds, reedy, reefs, reeks, reels, refer, refit, regal, rehab, reign, reins, relax, relay, relic, remit, remix, renal, rends, repay, repel, reply, repos, reset, resin, rests, retch, retro, retry, reuse, revel, rhino, rhyme, rider, ridge, rifle, right, rigid, rigor, riled, rills, rinds, rings, rinks, rinse, riots, riper, risen, riser, rises, risks, risky, rites, ritzy, rival, river, rivet, roach, roads, roams, roars, roast, robed, robes, robin, robot, rocks, rocky, rodeo, roger, roles, rolls, roofs, rooks, rooms, roomy, roost, roots, roped, ropes, roses, rouge, rough, round, rouse, route, routs, rover, royal, ruble, ruddy, ruder, ruffs, rugby, ruins, ruled, ruler, rules, rumba, rumor, rumps, runty, rural, rushy, rusks, rusts, rusty, rutty, sadly, safer, sails, saint, salad, sales, sally, salon, salsa, salty, salve, sandy, saner, sapid, sappy, sarge, sassy, satay, sated, satin, satyr, sauce, saucy, sauna, saute, saved, saver, saves, savor, savoy, savvy, sawed, saxes, scale, scalp, scamp, scams, scant, scare, scarf, scary, scene, scent, schmo, scope, score, scorn, scots, scout, scowl, scram, scrap, scree, screw, scrim, scrub, scuba, scuff, sculp, scums, scups, scute, seams, sears, seats, seedy, seeks, seems, seeps, seers, segue, seize, selfs, sells, semen, sends, sense, sepia, sepoy, serif, serum, serve, servo, setup, seven, sever, sewed, sewer, sexed, sexes, shade, shady, shaft, shake, shale, shall, shame, shams, shank, shape, shard, share, shark, sharp, shave, shawl, shear, sheds, sheep, sheer, sheet, shelf, shell, shelp, shent, shift, shine, shiny, ships, shirk, shirt, shits, shive, shoal, shock, shoed, shoes, shone, shook, shoot, shops, shore, shorn, short, shots, shout, shove, shown, shows, showy, shred, shrew, shrub, shrug, shuck, shuls, shuns, shunt, shush, shuts, shyly, sibyl, sided, sides, sidle, siege, sieve, sight, sigma, signs, silks, silky, silly, silos, silts, silty, since, sines, sinew, singe, sings, sinks, sinus, sired, siren, sires, sissy, sitar, sites, sixes, sixth, sixty, sized, sizes, skald, skate, skeet, skein, skelp, skeps, skews, skids, skied, skier, skies, skiff, skill, skimp, skims, skins, skint, skips, skirl, skirt, skits, skulk, skull, skunk, slabs, slack, slags, slain, slake, slams, slang, slant, slaps, slash, slate, slats, slave, slaws, slays, sleds, sleek, sleep, sleet, slept, slews, slice, slick, slide, slime, slimy, sling, slink, slips, slits, slobs, sloes, slogs, slope, slops, slots, slows, sluds, slugs, slump, slung, slunk, slurp, slurs, slush, sluts, smack, small, smarm, smart, smash, smear, smell, smelt, smile, smirk, smite, smith, smock, smoke, smoky, smolt, smote, smudge, smugs, smurk, smuts, snack, snafu, snags, snail, snake, snaky, snaps, snare, snarl, sneak, sneer, snide, sniff, snipe, snips, snits, snobs, snood, snook, snoop, snore, snort, snots, snout, snowy, snubs, snuck, snuff, snugs, soapy, soars, sober, socle, sodas, sofas, softy, soggy, soils, solar, soldo, soled, soles, solid, solos, solve, sonar, sonic, sonny, sooth, sooty, sophs, sopor, sorry, sorts, souls, sound, soups, soupy, sours, south, sowed, sower, space, spade, spams, spans, spare, spark, spars, spasm, spate, spawn, spays, speak, spear, specs, speed, spell, spend, spent, sperm, spews, spice, spicy, spied, spiel, spies, spike, spiky, spill, spilt, spine, spins, spiny, spire, spirt, spite, split, spoil, spoke, spoof, spook, spool, spoon, spore, sport, spots, spout, spray, spree, sprig, spuds, spued, spume, spumy, spunk, spurn, spurs, spurt, squad, squat, squaw, squib, squid, stabs, stack, staff, stage, stags, staid, stain, stair, stake, stale, stalk, stall, stamp, stand, staph, stare, stark, stars, start, stash, state, stats, stave, stays, stead, steak, steal, steam, steed, steel, steep, steer, stems, steno, steps, stern, stews, stick, stied, sties, stiff, still, stilt, stime, stimy, sting, stink, stint, stirk, stirs, stoat, stobs, stock, stoic, stoke, stole, stomp, stone, stony, stood, stool, stoop, stops, store, stork, storm, story, stout, stove, stows, strap, straw, stray, strep, strew, strip, strop, strow, strut, stubs, stuck, studs, stuff, stull, stump, stums, stung, stunk, stuns, stunt, stupa, stupe, style, stymy, suave, sucks, sudor, sugar, sughs, suing, suite, suits, sulks, sulky, sully, sumas, sumac, sunny, sunup, super, supra, surds, surer, surfs, surge, surgy, surly, sushi, swabs, swage, swags, swain, swale, swamp, swamy, swang, swank, swans, swaps, sward, swarf, swarm, swart, swash, swath, swats, sways, swear, sweat, sweep, sweet, swell, swept, swift, swigs, swims, swine, swing, swink, swipe, swirl, swish, swiss, swive, swizz, swobs, swoon, swoop, sword, swore, sworn, swots, swoun, swung, syces, sycee, sylph, synch, synod, syren, syrup, tabby, table, taboo, tacet, tacks, tacky, tacos, tacts, taffy, tails, taint, taken, taker, takes, tales, talks, talky, tally, talon, taluk, talus, tamed, tamer, tames, tamps, tangs, tansy, tanto, taped, taper, tapes, tapir, tapis, tardy, tared, tares, tarns, tarot, tarps, tarts, tasks, taste, tasty, tatar, tater, tatty, taunt, tawed, tawer, tawny, tawse, taxed, taxer, taxes, taxis, taxol, taxon, taxus, tayra, tazza, teach, teaks, teams, tears, teary, tease, teats, techs, teddy, teems, teens, teeny, teeth, teffs, tehrs, teiid, telae, teles, telic, tells, telly, telos, tempi, tempo, temps, tempt, tench, tends, tenon, tenor, tense, tenth, tents, tepas, tepee, tepid, tepoy, terai, terce, terms, terne, terns, terra, terry, terse, tesla, tests, testy, teths, tetra, tetri, texts, thack, thagi, thale, thana, thane, thang, thank, thans, tharm, thars, thaws, theca, theft, thegn, thein, their, thelf, thema, theme, thens, there, therm, these, thesp, theta, thete, thews, thewy, thick, thief, thigh, thigs, thill, thine, thing, think, thins, third, thirl, thoft, thole, thong, thorn, thoro, thorp, those, thous, thowl, thrae, thraw, three, threw, thrid, thrip, throb, throe, throw, thrum, thuds, thugs, thuja, thumb, thump, thunk, thurl, thuya, thyme, thymy, tiara, tibia, tical, ticks, tidal, tided, tides, tiger, tight, tigon, tikes, tilde, tiled, tiler, tiles, tills, tilth, tilts, timed, timer, times, timid, tinct, tinea, tined, tines, tinge, tings, tinny, tipis, tippy, tipsy, tired, tires, tirls, tiros, titan, titer, tithe, titis, title, titre, titty, tizzy, toads, toady, toast, tobit, today, toddy, tofts, tofus, togae, togas, togue, toile, toils, toits, toked, token, tokes, tolan, tolar, tolls, tolly, tolus, tolyl, tombo, tombs, tomes, tondi, tondo, toned, toner, tones, tongs, tonic, tonks, tonne, tonus, tools, toons, toots, topaz, toped, topee, toper, topes, tophe, tophi, tophs, topic, topis, topoi, topos, toque, torah, toras, torch, torcs, tores, toric, torii, torrs, torse, torsi, torsk, torso, torta, torte, torts, torus, total, toted, totem, toter, totes, touch, tough, tours, touse, touts, towed, towel, tower, towns, towny, towse, towsy, towze, towzy, toxic, toxin, toyed, toyer, toyon, toyos, tozed, tozes, track, tract, trade, trads, tragi, traik, trail, train, trait, tramp, trans, trape, traps, trash, trass, trave, trawl, trays, tread, treat, treed, treen, trees, trefs, trend, tress, trets, trews, treys, triad, trial, tribe, trice, trick, tried, trier, tries, triff, trigs, trike, trill, trims, trine, trios, tripe, trips, trite, troad, troat, trock, trode, trods, trogs, trois, troke, troll, tromp, trona, trone, tronk, troop, trope, troth, trots, trout, trove, trows, troys, truce, truck, trued, truer, trues, trugs, truly, trump, trunk, truss, trust, truth, tryst, tsade, tsadi, tsars, tsked, tubal, tubas, tubed, tuber, tubes, tucks, tufts, tufty, tules, tulip, tulle, tumid, tummy, tumor, tumps, tunas, tuned, tuner, tunes, tungs, tunic, tunny, tupik, turbo, turds, turfs, turfy, turns, turps, tushy, tusks, tusky, tutee, tutor, tutty, tutus, tuxes, tuyer, twain, twang, twats, tweak, tweed, tween, tweet, twere, twerp, twice, twier, twigs, twill, twine, twins, twiny, twirl, twirp, twist, twits, twixt, twoer, twyer, tyees, tyers, tying, tykes, tyler, tymps, tynde, typed, types, typey, typic, typos, tyred, tyres, tyros, tythe, tzars, udder, udons, ugali, ugged, uhlan, uhuru, ukase, ulama, ulans, ulcer, ulema, ultra, ulvas, umami, umbel, umber, umble, umbos, umbre, umiac, umiak, umiaq, ummas, umped, unais, unapt, unarm, unary, unaus, unbag, unban, unbar, unbid, unbox, uncap, uncus, uncut, undam, undee, under, undid, undue, unfed, unfit, unfog, unget, ungod, ungot, unhat, unhip, unica, unify, union, unite, units, unity, unjam, unlap, unlay, unled, unlet, unlid, unlit, unman, unmet, unmew, unmix, unpay, unpeg, unpen, unpin, unrig, unrip, unsaw, unsay, unset, unsew, unsex, untap, untax, untin, untop, unwed, unwet, unwit, unwon, unzip, upbow, updos, upepo, upper, uppie, uppow, upran, uprig, upsee, upset, uptie, urban, urbex, urbia, ureal, ureas, urged, urger, urges, urial, urica, urine, urman, urnal, urped, usage, users, usher, using, usual, usurp, usury, uteri, utter, uveal, uveas, uvula, vacay, vacua, vagal, vague, vagus, vails, vairs, vairy, vakas, vales, valet, valid, valor, value, valve, vamps, vampy, vanda, vaned, vanes, vangs, vapor, varia, varix, varna, varus, varys, vasal, vases, vasts, vasty, vatic, vault, vaunt, vawed, vawse, veale, veals, vealy, veena, veeps, veers, veery, vegan, vegas, veges, vegie, vegos, veils, veins, veiny, velar, velds, veldt, vells, velum, vends, venge, vengs, venir, vents, venue, venus, verbs, verge, verey, vertu, verve, vespa, vesta, vests, vetch, vexed, vexer, vexes, vexil, vials, viand, vibes, vicar, viced, vices, vichy, vicky, video, viers, views, viewy, vigil, vigor, viles, villa, ville, vills, vimen, vinal, vinas, vinca, vined, vines, vinyl, viola, viols, viper, viral, virid, virus, visas, vised, vises, visit, visor, vista, vitae, vital, vitas, vitex, vitta, vivas, vivat, viver, vives, vivid, vixen, vizir, vizor, vocab, vocal, vodka, vodun, vogue, voice, voids, voila, voile, volti, volts, volta, volte, volva, vomer, vomit, voods, voted, voter, votes, vouch, vowed, vowel, vower, vrils, vroom, vrows, vrouw, vuggs, vuggy, vughs, vughy, vulns, vulva, vying, wacke, wacko, wacks, wacky, waddy, waded, wader, wades, wadis, wadth, waffs, wafts, waged, wager, wages, wagga, wagon, wagyu, wahoo, waide, waifs, wails, wains, wairs, waist, waite, waits, waive, wajuk, waked, waken, waker, wakes, wakfs, waldo, walds, waled, waler, wales, walis, walks, walla, walls, wally, waltz, wambl, wamed, wames, wamus, wands, waned, wanes, wangs, wanks, wanky, wanle, wanly, wanna, wants, waqfs, warbs, warby, wards, wared, wares, warez, warks, warms, warns, warps, warre, warst, warts, warty, wases, washy, wasps, waspy, waste, wasts, watap, watch, water, watts, waugh, wauks, wauls, waved, waver, waves, wavey, wawas, wawes, wawls, waxed, waxer, waxes, wayed, waygo, wayle, wayns, waypp, weald, weals, weans, wears, weary, weave, webby, weber, wedel, wedge, wedgy, weeds, weedy, weeks, weels, weems, weens, weeny, weeps, weepy, weers, weets, wefts, weide, weids, weigh, weils, weird, weirs, weirk, wekas, welch, welds, wells, welly, welsh, welts, wembs, wench, wends, wenge, wenny, wents, weros, wersh, wests, wetly, wetus, wexed, wexes, whack, whale, whamo, whams, whang, whaps, wharf, whase, whata, whats, whaup, wheal, whear, wheat, wheel, wheen, wheep, wheft, whelk, whelm, whelp, whens, where, whets, whews, wheys, which, whids, whiff, whift, whigs, while, whilk, whims, whine, whiny, whips, whipt, whirl, whirr, whirs, whish, whisk, whiss, whist, white, whits, whity, whizz, whole, whomp, whoof, whoop, whoot, whops, whore, whorl, whort, whose, whoso, whows, whump, whups, whyle, wicca, wicks, widdy, widen, wider, wides, widow, width, wield, wifed, wifes, wifey, wifty, wigan, wigga, wiggy, wight, wikis, wilco, wilds, wiled, wiles, wills, wilts, wimps, wimpy, wince, winch, winds, windy, wined, wines, winey, wings, wingy, winks, winna, winns, winos, winze, wiped, wiper, wipes, wired, wirer, wires, wised, wiser, wises, wisha, wisht, wisps, wispy, wists, witan, witch, wited, wites, withe, withs, withy, wived, wiver, wives, wizen, wizes, woads, woald, wodge, woful, wogan, woken, wolds, woman, womby, women, womyn, wongi, wonks, wonky, wonts, woods, woody, wooed, wooer, woofs, wools, wooly, woops, woose, woosh, woozy, words, wordy, works, world, worms, wormy, worry, worse, worst, worth, worts, would, wound, woven, wowed, wrack, wrang, wraps, wrapt, wrate, wrath, wrawl, wreak, wreck, wrens, wrest, wrick, wried, wrier, wries, wring, wrist, write, writs, wrong, wrote, wroth, wrung, wryer, wryly, wudus, wulfs, wurst, wussy, wwoof, wyled, wyles, wynds, wynns, wyted, wytes, xebec, xenia, xenic, xenon, xeric, xerus, xerxe, xoana, xrays, xterm, xuous, xylol, xylum, xysti, xysts, yaars, yabas, yabba, yabby, yacca, yacht, yacka, yaffs, yager, yages, yagis, yahoo, yaird, yales, yamen, yangs, yanks, yapok, yapon, yapps, yappy, yarak, yarco, yards, yared, yarer, yarns, yauds, yauld, yaups, yawed, yawey, yawls, yawns, yawps, yclad, yeads, yeahs, yealm, yeans, yeard, yearn, years, yeast, yecch, yechs, yechy, yedes, yeeds, yeggs, yelks, yells, yelps, yenta, yente, yerba, yerds, yerks, yeses, yests, yesty, yetis, yetts, yeuks, yeven, yeves, yewen, yexed, yexes, yezzy, yiced, yices, yidds, yikes, yills, yince, yipes, yirds, yirks, yirrs, yirth, yites, yiths, yitts, ylems, ylkes, ymolt, ympes, yocks, yodhs, yodle, yoicks, yojan, yoked, yokel, yoker, yokes, yokul, yolks, yolky, yomim, yonic, yonis, yonks, yoofs, yoops, yores, young, yourn, yours, yourt, youse, yowed, yowes, yowie, yowls, yowza, yrent, yrivd, yrneh, ysame, ytost, yuans, yucas, yucca, yucch, yucko, yucks, yucky, yufts, yugas, yuked, yukes, yukky, yulan, yules, yummy, yunks, yupik, yuppy, yurta, yurts, yuzus